human,f1,gold (21),20,2,0,2,10,"eye (0), head (0), body (0), arm (0), leg (0)",10,10,10,10,10,10,3,12,,,,"hands (2), head (1), body (1), feet (1), misc (2)","eye (2), head (1), body (1), arm (2), leg (2)","f6, f12, f99, f113, f132, f151, f169","starting form, tagless"
hoburg,f2,gold (2.5),25,3,0,1,5,"eye (0), head (0), body (0), arm (0), leg (0)",14,10,6,10,13,11,4,8,,,stealthy (40),"hands (2), head (1), body (1), feet (1), misc (2)","eye (2), head (1), body (1), arm (2), leg (2)","f156, f160, f167","starting form, tagless"
markata,f3,gold (25.5),0,0,1,1,5,"eye (0), head (0), body (0), arm (0), leg (0)",7,7,5,10,14,8,2,12,,,"animal, survives in forests","hands (2), head (1), body (1), feet (1), misc (2)","eye (2), head (1), body (1), arm (2), leg (2)",f103,animal
bakemono-sho,f4,gold (13.5),25,3,0,2,9,"eye (0), head (0), body (0), arm (0), leg (0)",9,8,9,10,10,10,3,10,,,"darkvision (50), stealthy (40)","hands (2), head (1), body (1), feet (1), misc (2)","eye (2), head (1), body (1), arm (2), leg (2)","f13, f24, f25, f168","starting form, tagless"
c'tissian,f5,"gold (26), emeralds (1)",15,2,0,2,11,"eye (5), head (5), body (5), arm (5), leg (5)",12,9,10,10,10,10,4,10,,,"cold-blooded, survives in swamps, resist poison (5)","hands (2), head (1), body (1), feet (1), misc (2)","eye (2), head (1), body (1), arm (2), leg (2)","f65, f67, f197","cold-blooded, starting form"
humanbred,f6,"gold (29.5), rubies (3)",0,0,2,2,12,"eye (0), head (0), body (0), arm (0), leg (0)",11,10,11,10,9,8,3,11,,,"survives in wastes, resist fire (15)","hands (2), head (1), body (1), feet (1), misc (2)","eye (2), head (1), body (1), arm (2), leg (2)","f7, f8",tagless
abysian,f7,"gold (78.5), rubies (7)",0,0,3,2,15,"eye (0), head (0), body (0), arm (0), leg (0)",12,11,13,10,9,7,2,11,,,"survives in wastes, darkvision (50), heat aura (3), resist fire (25)","hands (2), head (1), body (1), feet (1), misc (2)","eye (2), head (1), body (1), arm (2), leg (2)","f9, f10, f11",tagless
warbred,f8,"gold (94), rubies (1)",0,0,3,3,22,"eye (0), head (0), body (0), arm (0), leg (0)",8,14,15,11,9,9,2,13,,,"survives in wastes, berserk (2), resist fire (5)","hands (2), head (1), body (1), feet (1), misc (2)","eye (2), head (1), body (1), arm (2), leg (2)",,tagless
abysian warlord,f9,"gold (105.5), rubies (7)",0,0,3,3,19,"eye (0), head (0), body (0), arm (0), leg (0)",12,13,15,10,9,7,2,12,,,"survives in wastes, darkvision (50), heat aura (3), resist fire (25)","hands (2), head (1), body (1), feet (1), misc (2)","eye (2), head (1), body (1), arm (2), leg (2)",,tagless
burning one,f10,"gold (169), rubies (8)",0,0,5,3,23,"eye (0), head (0), body (0), arm (0), leg (0)",13,15,15,12,9,10,2,11,e320 (1),,"survives in wastes, darkvision (50), fire shield (6), fire power (1), heat aura (6), resist fire (25)","hands (2), head (1), body (1), feet (1), misc (2)","eye (2), head (1), body (1), arm (2), leg (2)",,tagless
smoulderghost,f11,"gold (201), onyxes (7), rubies (7)",0,0,800,2,15,"eye (0), head (0), body (0), arm (0), leg (0)",14,16,13,11,10,7,0,12,,,"ethereal, need-not-eat, survives in wastes, undead, heat aura (3), resist fire (25), resist poison (25)","hands (2), head (1), body (1), feet (1), misc (2)","eye (2), head (1), body (1), arm (2), leg (2)",,undead
satyr,f12,"gold (61), emeralds (2)",0,0,3,2,12,"eye (1), head (1), body (1), arm (1), leg (1)",13,9,11,10,12,10,3,14,,,"recuperation, survives in forests, stealthy (40)","hands (2), head (1), body (1), feet (1), misc (2)","eye (2), head (1), body (1), arm (2), leg (2)",,tagless
ko-oni,f13,gold (67.89281),0,0,3,1,9,"eye (3), head (3), body (3), arm (3), leg (3)",13,9,10,11,12,10,1,7,,,"survives in mountains, chaos power (1), pillage bonus (1), secondshape (14), stealthy (40)","hands (2), head (1), body (1), feet (1), misc (2)","eye (2), head (1), body (1), arm (2), leg (2)",,demon
ko-oni spirit,f14,"gold (36.5), pearls (2)",0,0,3,1,5,"eye (0), head (0), body (0), arm (0), leg (0)",13,9,10,11,12,10,0,7,e67 (1),,"ethereal, chaos power (1), firstshape (13), pillage bonus (1)",misc (2),"eye (2), head (1), body (1), arm (2), leg (2)",,demon
ao-oni,f15,"gold (109.99984), emeralds (1)",0,0,3,2,14,"eye (4), head (4), body (4), arm (4), leg (4)",14,14,13,11,9,8,1,10,e160 (1),,"survives in mountains, chaos power (1), pillage bonus (1), resist cold (5), secondshape (16)","hands (2), head (1), body (1), feet (1), misc (2)","eye (2), head (1), body (1), arm (2), leg (2)",,demon
ao-oni spirit,f16,"gold (55), pearls (2), emeralds (5)",0,0,3,2,7,"eye (0), head (0), body (0), arm (0), leg (0)",14,14,13,11,9,8,0,10,e67 (1),,"ethereal, chaos power (1), firstshape (15), pillage bonus (1), resist poison (25)",misc (2),"eye (2), head (1), body (1), arm (2), leg (2)",,demon
aka-oni,f17,"gold (96.66651), emeralds (1)",0,0,3,2,14,"eye (4), head (4), body (4), arm (4), leg (4)",14,14,13,11,9,8,1,10,e383 (1),,"survives in mountains, chaos power (1), pillage bonus (1), resist fire (5), secondshape (18)","hands (2), head (1), body (1), feet (1), misc (2)","eye (2), head (1), body (1), arm (2), leg (2)",,demon
aka-oni spirit,f18,"gold (55), pearls (2), emeralds (5)",0,0,3,2,7,"eye (0), head (0), body (0), arm (0), leg (0)",14,14,13,11,9,8,0,10,e67 (1),,"ethereal, chaos power (1), firstshape (17), pillage bonus (1), resist poison (25)",misc (2),"eye (2), head (1), body (1), arm (2), leg (2)",,demon
oni,f19,"gold (154.49989), emeralds (1)",0,0,4,3,24,"eye (6), head (6), body (6), arm (6), leg (6)",15,15,16,12,11,9,1,14,,,"survives in mountains, chaos power (1), pillage bonus (1), secondshape (20)","hands (2), head (1), body (1), feet (1), misc (2)","eye (2), head (1), body (1), arm (2), leg (2)",,demon
oni spirit,f20,"gold (108.5), pearls (2), emeralds (5)",0,0,4,3,12,"eye (0), head (0), body (0), arm (0), leg (0)",15,15,16,12,11,9,0,14,e67 (1),,"ethereal, chaos power (1), firstshape (19), pillage bonus (1), resist poison (25)",misc (2),"eye (2), head (1), body (1), arm (2), leg (2)",,demon
kuro-oni,f21,"gold (160.33312), emeralds (2)",0,0,5,3,24,"eye (6), head (6), body (6), arm (6), leg (6)",15,15,16,12,11,9,1,14,,,"survives in mountains, chaos power (1), pillage bonus (1), resist fire (5), resist poison (5), secondshape (22)","hands (2), head (1), body (1), feet (1), misc (2)","eye (2), head (1), body (1), arm (2), leg (2)",,demon
kuro-oni spirit,f22,"gold (108.5), pearls (2), emeralds (5)",0,0,4,3,12,"eye (0), head (0), body (0), arm (0), leg (0)",15,15,16,12,11,9,0,14,e67 (1),,"ethereal, chaos power (1), firstshape (20), pillage bonus (1), resist poison (25)",misc (2),"eye (2), head (1), body (1), arm (2), leg (2)",,demon
shikome,f23,"gold (146.5), rubies (1), emeralds (3), sapphires (1)",0,0,5,2,15,"eye (5), head (5), body (5), arm (5), leg (5)",15,15,12,13,13,10,2,14,e529 (2),,"female, berserk (4), resist cold (5), resist fire (5), resist poison (15)","hands (2), head (1), body (1), feet (1), misc (2)","eye (2), head (1), body (1), arm (2), leg (2)",,demon
dai bakemono,f24,gold (107),0,0,3,3,20,"eye (3), head (3), body (3), arm (3), leg (3)",11,13,15,11,11,10,2,14,,,"survives in mountains, darkvision (50)","hands (2), head (1), body (1), feet (1), misc (2)","eye (2), head (1), body (1), arm (2), leg (2)",,tagless
o-bakemono,f25,gold (123.5),0,0,3,3,28,"eye (7), head (7), body (7), arm (7), leg (7)",8,14,19,10,9,8,2,14,,,"survives in mountains, darkvision (50)","hands (2), head (1), body (1), feet (1), misc (2)","eye (2), head (1), body (1), arm (2), leg (2)",,tagless
atlantian,f26,gold (25.5),20,2,0,2,12,"eye (2), head (2), body (2), arm (2), leg (2)",10,10,11,10,9,8,3,12,,,"amphibian, darkvision (50)","hands (2), head (1), body (1), feet (1), misc (2)","eye (2), head (1), body (1), arm (2), leg (2)","f27, f28","amphibian, starting form"
deep one,f27,"gold (51), rubies (1), sapphires (1)",0,0,2,2,14,"eye (4), head (4), body (4), arm (4), leg (4)",8,12,12,10,7,7,3,9,"e20 (1), e29 (1)",,"amphibian, darkvision (100), resist cold (5), resist fire (5)","hands (2), head (1), body (1), feet (1), misc (2)","eye (2), head (1), body (1), arm (2), leg (2)","f29, f169, f188, f189",amphibian
shambler,f28,gold (83.5),0,0,3,3,22,"eye (7), head (7), body (7), arm (7), leg (7)",10,11,15,10,9,8,3,11,e29 (2),,"amphibian, darkvision (50)","hands (2), head (1), body (1), feet (1), misc (2)","eye (2), head (1), body (1), arm (2), leg (2)","f29, f188, f189",amphibian
shambler of the deep,f29,"gold (111.5), rubies (1), sapphires (1)",0,0,4,3,26,"eye (9), head (9), body (9), arm (9), leg (9)",7,13,16,10,7,8,3,12,"e20 (1), e29 (2)",,"amphibian, darkvision (100), resist cold (5), resist fire (5)","hands (2), head (1), body (1), feet (1), misc (2)","eye (2), head (1), body (1), arm (2), leg (2)",f192,amphibian
deep one sleeper,f30,"gold (141), rubies (1), sapphires (1)",0,0,4,3,31,"eye (9), head (9), body (9), arm (9), leg (9)",13,15,18,11,7,8,3,12,"e20 (1), e29 (2)",,"amphibian, castle defence (2), darkvision (100), resist cold (5), resist fire (5), void sanity (15)","hands (2), head (1), body (1), feet (1), misc (2)","eye (2), head (1), body (1), arm (2), leg (2)",,amphibian
vaetti hag,f31,"pearls (2), bloodstones (2), onyxes (2), emeralds (2)",0,0,0,1,7,"eye (0), head (0), body (0), arm (0), leg (0)",14,9,7,7,7,10,3,10,e543 (1),"astral (0.25), blood (0.25), death (0.25), nature (0.25)","survives in forests, stealthy (40)","hands (2), head (1), body (1), feet (1), misc (2)","eye (2), head (1), body (1), arm (2), leg (2)",,tagless
chak muuch,f32,"gold (34.5), emeralds (2)",0,0,4,2,14,"eye (2), head (2), body (2), arm (2), leg (2)",11,11,12,10,9,11,4,10,,,"amphibian, survives in swamps, darkvision (50), poison skin (20)","hands (2), head (1), body (1), feet (1), misc (2)","eye (2), head (1), body (1), arm (2), leg (2)",,amphibian
wo' muuch,f33,gold (99),0,0,3,3,26,"eye (6), head (6), body (6), arm (6), leg (6)",10,14,16,11,10,8,4,11,,,"amphibian, survives in swamps, darkvision (100)","hands (2), head (1), body (1), feet (1), misc (2)","eye (2), head (1), body (1), arm (2), leg (2)",f187,amphibian
sak muuch,f34,gold (23),18,2,0,2,14,"eye (2), head (2), body (2), arm (2), leg (2)",10,10,12,10,9,8,4,10,,,"amphibian, survives in swamps, darkvision (100)","hands (2), head (1), body (1), feet (1), misc (2)","eye (2), head (1), body (1), arm (2), leg (2)","f32, f33","amphibian, starting form"
centaur,f35,"gold (112), emeralds (2)",0,0,4,3,20,"eye (3), head (3), body (3), arm (3), leg (3)",13,11,13,10,14,12,3,30,e55 (1),,"survives in forests, recuperation, stealthy (40)","hands (2), head (1), body (1), misc (2)","eye (2), head (1), body (1), arm (2), leg (4)",,tagless
centauride,f36,"gold (110.5), emeralds (2)",0,0,4,3,18,"eye (3), head (3), body (3), arm (3), leg (3)",13,11,12,10,15,13,3,32,e55 (1),,"female, recuperation, survives in forests, stealthy (40)","hands (2), head (1), body (1), misc (2)","eye (2), head (1), body (1), arm (2), leg (4)",,tagless
sacred centaur,f37,"gold (130.5), emeralds (2)",0,0,4,3,23,"eye (3), head (3), body (3), arm (3), leg (3)",14,12,14,11,14,13,3,30,e55 (1),,"recuperation, survives in forests, stealthy (40)","hands (2), head (1), body (1), misc (2)","eye (2), head (1), body (1), arm (2), leg (4)",,tagless
white centauride,f38,"gold (130), emeralds (7), sapphires (5)",0,0,4,3,20,"eye (3), head (3), body (3), arm (3), leg (3)",14,13,12,11,16,13,3,32,e55 (1),"water (0.5), nature (0.5), holy (0)","female, recuperation, survives in forests, stealthy (40)","hands (2), head (1), body (1), misc (2)","eye (2), head (1), body (1), arm (2), leg (4)",,tagless
chud skinshifter,f39,"gold (157.78554), emeralds (1)",0,0,5,2,18,"eye (2), head (2), body (2), arm (2), leg (2)",13,13,14,11,11,10,2,14,,,"berserk (1), resist cold (5), secondshape (102), recuperation","hands (2), head (1), body (1), feet (1), misc (2)","eye (2), head (1), body (1), arm (2), leg (2)",,tagless
black centauride,f40,"gold (130), onyxes (5), emeralds (7), sapphires (1)",0,0,4,3,20,"eye (3), head (3), body (3), arm (3), leg (3)",14,13,12,11,16,13,3,32,e55 (1),"death (0.5), nature (0.5), water (0.1), holy (0)","female, recuperation, survives in forests, stealthy (40)","hands (2), head (1), body (1), misc (2)","eye (2), head (1), body (1), arm (2), leg (4)",,tagless
minotaur,f41,"gold (100), emeralds (2)",0,0,3,3,25,"eye (4), head (4), body (4), arm (4), leg (4)",11,13,16,8,8,8,3,15,,,"recuperation, survives in forests, trample, berserk (4)","hands (2), head (1), body (1), feet (1), misc (2)","eye (2), head (1), body (1), arm (2), leg (2)",,tagless
civilised minotaur,f42,"gold (111.5), emeralds (2)",0,0,3,3,23,"eye (4), head (4), body (4), arm (4), leg (4)",10,14,16,9,9,8,3,15,,,"recuperation, survives in forests, trample","hands (2), head (1), body (1), feet (1), misc (2)","eye (2), head (1), body (1), arm (2), leg (2)",,tagless
white minotaur,f43,"gold (138), emeralds (2)",0,0,4,3,26,"eye (5), head (5), body (5), arm (5), leg (5)",13,13,17,10,10,8,3,15,,,"recuperation, survives in forests, trample, berserk (4)","hands (2), head (1), body (1), feet (1), misc (2)","eye (2), head (1), body (1), arm (2), leg (2)",,tagless
longdead,f44,"gold (138), onyxes (7), sapphires (3)",0,0,600,2,5,"eye (0), head (0), body (0), arm (0), leg (0)",9,50,10,11,9,10,0,11,,,"does-not-heal, lifeless, mindless, poor amphibian, resist pierce, resist cold (15), resist poison (25)","hands (2), head (1), body (1), feet (1), misc (2)","eye (2), head (1), body (1), arm (2), leg (2)",,undead
longdead c'tissian,f45,"gold (141.5), onyxes (7), sapphires (3)",0,0,600,2,6,"eye (0), head (0), body (0), arm (0), leg (0)",11,50,10,11,9,10,0,10,,,"does-not-heal, lifeless, mindless, poor amphibian, resist pierce, resist cold (15), resist poison (25)","hands (2), head (1), body (1), feet (1), misc (2)","eye (2), head (1), body (1), arm (2), leg (2)",,undead
longdead predator lizard,f46,"gold (149.5), onyxes (7), sapphires (3)",0,0,700,2,7,"eye (0), head (0), body (0), arm (0), leg (0)",10,50,11,12,7,10,0,11,e20 (1),,"does-not-heal, lifeless, mindless, poor amphibian, resist pierce, resist cold (15), resist poison (25)","hands (2), head (1), body (1), feet (1), misc (2)","eye (2), head (1), body (1), arm (2), leg (2)",,undead
longdead rephaite,f47,"gold (236), onyxes (7), sapphires (3)",0,0,800,4,20,"eye (0), head (0), body (0), arm (0), leg (0)",10,50,20,12,10,5,0,14,,,"does-not-heal, lifeless, mindless, poor amphibian, resist pierce, resist cold (15), resist poison (25)","hands (2), head (1), body (1), feet (1), misc (2)","eye (2), head (1), body (1), arm (2), leg (2)",,undead
longdead jotun,f48,"gold (208.5), onyxes (7), sapphires (3)",0,0,700,4,15,"eye (0), head (0), body (0), arm (0), leg (0)",10,50,20,11,9,5,0,12,,,"does-not-heal, lifeless, mindless, poor amphibian, resist pierce, resist cold (15), resist poison (25)","hands (2), head (1), body (1), feet (1), misc (2)","eye (2), head (1), body (1), arm (2), leg (2)",,undead
longdead markata,f49,"gold (132), onyxes (7), sapphires (3)",0,0,600,1,3,"eye (0), head (0), body (0), arm (0), leg (0)",8,50,5,11,12,8,0,10,,,"does-not-heal, lifeless, mindless, poor amphibian, resist pierce, resist cold (15), resist poison (25)","hands (2), head (1), body (1), feet (1), misc (2)","eye (2), head (1), body (1), arm (2), leg (2)",,undead
longdead vanara,f50,"gold (140), onyxes (7), sapphires (3)",0,0,600,2,5,"eye (1), head (1), body (1), arm (1), leg (1)",9,50,10,11,9,10,0,10,,,"does-not-heal, lifeless, mindless, poor amphibian, resist pierce, resist cold (15), resist poison (25)","hands (2), head (1), body (1), feet (1), misc (2)","eye (2), head (1), body (1), arm (2), leg (2)",,undead
longdead bandar,f51,"gold (179.5), onyxes (7), sapphires (3)",0,0,700,3,11,"eye (2), head (2), body (2), arm (2), leg (2)",9,50,15,12,8,9,0,11,,,"does-not-heal, lifeless, mindless, poor amphibian, resist pierce, resist cold (15), resist poison (25)","hands (2), head (1), body (1), feet (1), misc (2)","eye (2), head (1), body (1), arm (2), leg (2)",,undead
longdead partholonian,f52,"gold (201.5), diamonds (2), onyxes (7), sapphires (3)",0,0,800,2,9,"eye (0), head (0), body (0), arm (0), leg (0)",13,50,13,14,12,12,0,13,,,"does-not-heal, glamour, lifeless, mindless, poor amphibian, resist pierce, resist cold (15), resist poison (25), stealthy (65)","hands (2), head (1), body (1), feet (1), misc (2)","eye (2), head (1), body (1), arm (2), leg (2)",,undead
dog,f53,,0,0,0,1,7,"eye (2), head (2), body (2), leg (2)",5,11,7,11,11,5,2,24,e322 (1),,"animal, stealthy (40)","body (1), misc (2)","eye (2), head (1), body (1), leg (4)",,animal
sea dog,f54,,40,4,0,2,14,"eye (7), head (7), body (7), leg (7)",6,11,10,11,11,5,2,12,e322 (1),,"amphibian, animal","body (1), misc (2)","eye (2), head (1), body (1), leg (4)","f73, f200, f201, f202, f203","animal, amphibian, starting form"
wolf,f55,,0,0,1,2,8,"eye (2), head (2), body (2), leg (2)",5,12,9,11,11,5,2,26,e322 (1),,"animal, survives in forests, survives in mountains, stealthy (40)","body (1), misc (2)","eye (2), head (1), body (1), leg (4)",,animal
black dog,f56,gold (8),0,0,1,2,14,"eye (4), head (4), body (4), leg (4)",13,13,13,12,10,5,2,24,e322 (1),,"animal, darkvision (100), dark power (2), stealthy (60)","body (1), misc (2)","eye (2), head (1), body (1), leg (4)",,animal
dire wolf,f57,gold (61.5),0,0,3,3,23,"eye (7), head (7), body (7), leg (7)",5,13,15,13,11,5,2,28,e322 (1),,"animal, survives in forests, survives in mountains, stealthy (40), darkvision (50)","body (1), misc (2)","eye (2), head (1), body (1), leg (4)",,animal
cu sidhe,f58,gold (82.5),0,0,3,3,26,"eye (7), head (7), body (7), leg (7)",14,14,15,13,12,5,2,28,e322 (1),,"animal, survives in forests, stealthy (40), darkvision (50)","body (1), misc (2)","eye (2), head (1), body (1), leg (4)",,animal
barghest,f59,gold (83),0,0,3,3,28,"eye (6), head (6), body (6), leg (6)",15,14,16,13,11,5,2,26,e223 (1),,"animal, darkvision (100), dark power (3), stealthy (60)","body (1), misc (2)","eye (2), head (1), body (1), leg (4)",,animal
jotun wolf,f60,"gold (133), sapphires (3)",0,0,4,4,30,"eye (9), head (9), body (9), leg (9)",14,17,23,13,11,5,2,28,"e322 (1), e29 (1)",,"animal, survives in forests, berserk (3), resist cold (15)","body (1), misc (2)","eye (2), head (1), body (1), leg (4)",,animal
skinshifter,f61,gold (138.62117),0,0,4,2,13,"eye (0), head (0), body (0), arm (0), leg (0)",10,12,12,10,10,10,2,13,,,"survives in forests, regeneration (2), secondshape (62)","hands (2), head (1), body (1), feet (1), misc (2)","eye (2), head (1), body (1), arm (2), leg (2)",f39,tagless
werewolf,f62,gold (179),0,0,5,3,20,"eye (6), head (6), body (6), arm (6), leg (6)",12,17,14,13,11,5,2,14,"e20 (1), e29 (2)",,"survives in forests, firstshape (61), regeneration (2)","hands (2), head (1), body (1), feet (1), misc (2)","eye (2), head (1), body (1), arm (2), leg (2)",,tagless
vaetti,f63,gold (3.5),30,3,0,1,8,"eye (0), head (0), body (0), arm (0), leg (0)",12,9,9,10,10,10,3,10,,,"survives in forests, stealthy (40)","hands (2), head (1), body (1), feet (1), misc (2)","eye (2), head (1), body (1), arm (2), leg (2)","f31, f61, f78","starting form, tagless"
predator lizard,f64,"gold (33.5), emeralds (1)",10,2,0,2,13,"eye (3), head (3), body (3), arm (3), leg (3)",11,11,11,11,8,10,4,11,e20 (1),,"cold-blooded, survives in swamps, resist poison (5)","hands (2), head (1), body (1), feet (1), misc (2)","eye (2), head (1), body (1), arm (2), leg (2)","f69, f185","cold-blooded, starting form"
lamia,f65,"gold (192), emeralds (7)",0,0,5,2,14,"eye (5), head (5), body (5), arm (5), leg (5)",13,15,12,11,9,10,3,12,"e63 (1), e29 (1)",,"cold-blooded, female, survives in forests, survives in swamps, resist poison (15), regeneration (7), shapechange (66)","hands (2), head (1), body (1), feet (1), misc (2)","eye (2), head (1), body (1), arm (2), leg (2)",,cold-blooded
black serpent,f66,"gold (201), emeralds (7)",0,0,5,3,22,"eye (8), head (8), body (8)",13,15,12,14,7,10,3,8,e239 (1),,"cold-blooded, survives in forests, survives in swamps, shapechange (65), resist poison (15), regeneration (11)","body (1), misc (2)","eye (2), head (1), body (1)",,cold-blooded
naga,f67,"gold (73), emeralds (2)",0,0,3,3,16,"eye (5), head (5), body (5), arm (5)",13,11,12,10,11,10,4,10,e239 (1),,"amphibian, cold-blooded, survives in swamps, darkvision (75), resist poison (10)","hands (2), head (1), body (1), misc (2)","eye (2), head (1), body (1), arm (2)",,"cold-blooded, magic being"
pale one,f68,gold (31),15,2,0,3,18,"eye (2), head (2), body (2), arm (2), leg (2)",12,10,12,8,8,7,3,10,,,"cold-blooded, darkvision (100), siegebonus (2)","hands (2), head (1), body (1), feet (1), misc (2)","eye (1), head (1), body (1), arm (2), leg (2)","f158, f159, f171, f174, f181, f183","cold-blooded, starting form"
sobek,f69,"gold (116), emeralds (1)",0,0,4,3,25,"eye (8), head (8), body (8), arm (8), leg (8)",13,13,14,12,9,8,4,12,e20 (1),,"cold-blooded, survives in swamps, resist poison (8)","hands (2), head (1), body (1), feet (1), misc (2)","eye (2), head (1), body (1), arm (2), leg (2)","f70, f198",cold-blooded
old sobek,f70,"gold (171.5), emeralds (1)",0,0,5,4,37,"eye (9), head (9), body (9), arm (9), leg (9)",14,14,16,13,9,8,4,12,e20 (1),,"cold-blooded, survives in swamps, resist poison (8)","hands (2), head (1), body (1), feet (1), misc (2)","eye (2), head (1), body (1), arm (2), leg (2)",,cold-blooded
red troglodyte,f71,gold (203),0,0,5,4,37,"eye (7), head (7), body (7), arm (7), leg (7)",8,14,23,12,9,5,2,16,e29 (2),,"animal, trample, darkvision (100)","hands (2), body (1), feet (1), misc (2)","eye (2), head (1), body (1), arm (2), leg (2)",f72,animal
black troglodyte,f72,gold (239.5),0,0,6,4,43,"eye (9), head (9), body (9), arm (9), leg (9)",8,15,24,13,10,5,2,16,e29 (2),,"animal, trample, darkvision (100)","hands (2), body (1), feet (1), misc (2)","eye (2), head (1), body (1), arm (2), leg (2)",,animal
cave spider,f73,"gold (94), emeralds (3)",0,0,3,4,15,"eye (8), head (8), body (8), leg (8)",5,10,9,12,10,5,2,14,"e65 (1), e261 (1)",,"animal, darkvision (100), resist poison (15)","body (1), misc (2)","eye (8), head (1), body (1), leg (8)",f74,animal
great spider,f74,"gold (148.5), emeralds (3)",0,0,4,5,26,"eye (14), head (14), body (14), leg (14)",5,10,11,12,10,10,2,14,"e65 (1), e261 (1)",,"animal, survives in forests, resist poison (15)","body (1), misc (2)","eye (8), head (1), body (1), leg (8)",f75,animal
hunter spider,f75,"gold (280.5), emeralds (3)",0,0,6,6,55,"eye (16), head (16), body (16), leg (16)",5,14,16,14,12,5,2,22,"e65 (1), e261 (1)",,"animal, survives in forests, resist poison (15)","body (1), misc (2)","eye (8), head (1), body (1), leg (8)",,animal
small xibalban scorpion,f76,"gold (44.69999), emeralds (3)",0,0,2,3,16,"eye (12), head (12), body (12), leg (12)",8,15,14,11,7,3,2,8,"e29 (1), e423 (1)",,"animal, survives in wastes, darkvision (100), resist poison (15)","body (1), misc (2)","eye (8), head (1), body (1), arm (2), leg (8)",f77,animal
xibalban scorpion,f77,"gold (177.2), emeralds (3)",0,0,5,5,48,"eye (17), head (17), body (17), leg (17)",12,15,17,13,7,3,2,8,"e29 (1), e423 (1)",,"animal, survives in wastes, darkvision (100), resist poison (15)","body (1), misc (2)","eye (8), head (1), body (1), arm (2), leg (8)",,animal
chud,f78,"gold (86.5), sapphires (1)",0,0,3,2,17,"eye (2), head (2), body (2), arm (2), leg (2)",12,13,13,12,12,10,3,14,,,resist cold (5),"hands (2), head (1), body (1), feet (1), misc (2)","eye (2), head (1), body (1), arm (2), leg (2)","f39, f139",tagless
vanara,f79,gold (21),15,2,0,2,10,"eye (1), head (1), body (1), arm (1), leg (1)",8,9,10,10,10,10,3,10,,,"animal, survives in forests","hands (2), head (1), body (1), feet (1), misc (2)","eye (2), head (1), body (1), arm (2), leg (2)","f3, f80, f82","animal, starting form"
bandar,f80,gold (70.5),0,0,2,3,18,"eye (3), head (3), body (3), arm (3), leg (3)",8,12,15,11,9,9,3,10,,,"animal, survives in forests","hands (2), head (1), body (1), feet (1), misc (2)","eye (2), head (1), body (1), arm (2), leg (2)",,animal
kala-mukha,f81,gold (113),0,0,3,3,24,"eye (4), head (4), body (4), arm (4), leg (4)",10,14,18,12,10,9,3,10,,,"animal, survives in forests, darkvision (50)","hands (2), head (1), body (1), feet (1), misc (2)","eye (2), head (1), body (1), arm (2), leg (2)",,animal
white one,f82,gold (28),0,0,1,2,11,"eye (1), head (1), body (1), arm (1), leg (1)",11,12,10,10,10,10,3,10,,,"animal, survives in forests, reincarnation (1)","hands (2), head (1), body (1), feet (1), misc (2)","eye (2), head (1), body (1), arm (2), leg (2)",f207,animal
great lion,f83,gold (37),0,0,2,3,20,"eye (4), head (4), body (4), leg (4)",5,13,15,13,11,5,3,20,"e29 (1), e322 (1)",,animal,"body (1), misc (2)","eye (2), head (1), body (1), leg (4)",f84,animal
kithaironic lion,f84,"gold (181), topazes (4)",0,0,5,3,31,"eye (18), head (18), body (18), leg (18)",13,15,18,14,12,5,1,18,"e29 (1), e322 (1)",,"animal, magic being, resist pierce, resist slash, survives in forests","body (1), misc (2)","eye (2), head (1), body (1), leg (4)",,"animal, magic being"
green lion,f85,"gold (238), pearls (2), rubies (3), emeralds (3)",0,0,8,3,34,"eye (7), head (7), body (7), leg (7)",16,50,16,14,12,12,0,18,"e29 (1), e322 (1)",,"animal, ethereal, magic being, mindless, resist fire (15), resist poison (15)","body (1), misc (2)","eye (2), head (1), body (1), leg (4)",,"animal, magic being"
summer lion,f86,"gold (288.5), pearls (2), rubies (14), emeralds (3)",0,0,9,3,44,"eye (0), head (0), body (0), leg (0)",15,50,17,14,12,5,0,18,"e29 (1), e322 (1)",,"animal, ethereal, magic being, mindless, survives in wastes, heat aura (3), resist fire (60), resist poison (15), summer power (25)","body (1), misc (2)","eye (2), head (1), body (1), leg (4)",,"animal, magic being"
draco lion,f87,"gold (251), emeralds (2)",0,0,7,6,70,"eye (12), head (12), body (12), leg (12), wing (12)",12,15,20,10,7,12,3,15,"e29 (1), e322 (1)",,"animal, flying, survives in forests, survives in mountains, regeneration (7)","body (1), misc (2)","eye (2), head (1), body (1), leg (4), wing (2)",,animal
celestial lion,f88,"gold (486.5), pearls (10), rubies (10)",0,0,15,6,145,"eye (12), head (12), body (12), leg (12), wing (12)",18,30,26,15,12,10,2,22,"e29 (2), e322 (1)","astral (1), fire (1)","flying, fear (5), resist fire (2)","body (1), misc (2)","eye (2), head (1), body (1), leg (4), wing (2)",,pretender
cave drake,f89,gold (107.5),0,0,4,4,58,"eye (22), head (22), body (22), leg (22)",12,14,19,8,7,5,5,7,e322 (1),,"animal, cold-blooded, drake, survives in mountains, darkvision (50)","body (1), misc (2)","eye (2), head (1), body (1), leg (4)",,"animal, drake, cold-blooded"
cave grub,f90,gold (77),0,0,3,4,52,"head (6), body (6), leg (6)",7,18,17,10,8,5,5,5,e603 (1),,"animal, blind, cold-blooded, magic being, siegebonus (10)","body (1), misc (2)","head (1), body (1), leg (26)",,"animal, cold-blooded, magic being"
cave cow,f91,gold (35),0,0,2,4,32,"eye (4), head (4), body (4), leg (4)",7,10,15,10,9,10,3,8,e322 (1),,"animal, cold-blooded, darkvision (100)","body (1), misc (2)","eye (2), head (1), body (1), leg (4)",,"animal, cold-blooded"
cave crab,f92,gold (162),0,0,4,4,54,"eye (22), head (22), body (22), leg (22)",4,15,20,11,9,5,2,10,e600 (1),,"amphibian, animal, darkvision (100)","body (1), misc (2)","eye (2), head (1), body (1), leg (4)",,"amphibian, animal"
swamp drake,f93,"gold (100), emeralds (5)",0,0,4,4,44,"eye (14), head (14), body (14), leg (14)",13,14,17,10,8,8,4,8,e323 (1),,"animal, cold-blooded, drake, poison barbs, survives in swamps, resist poison (15)","body (1), misc (2)","eye (2), head (1), body (1), leg (4)",,"animal, drake, cold-blooded"
ice drake,f94,"gold (77), sapphires (3)",0,0,3,4,41,"eye (13), head (13), body (13), leg (13)",13,14,17,10,8,8,4,8,e322 (1),,"animal, drake, resist cold (15)","body (1), misc (2)","eye (2), head (1), body (1), leg (4)",,"animal, drake"
fire drake,f95,"gold (27), rubies (3)",0,0,2,3,28,"eye (10), head (10), body (10), leg (10)",13,14,15,10,8,8,4,9,e323 (1),,"animal, cold-blooded, drake, survives in wastes, resist fire (15)","body (1), misc (2)","eye (2), head (1), body (1), leg (4)",,"animal, drake, cold-blooded"
wyvern,f96,"gold (158.5), diamonds (3), emeralds (3)",0,0,5,5,35,"eye (12), head (12), body (12), leg (12), wing (12)",14,13,15,13,12,10,3,7,"e322 (1), e203 (1)",,"animal, cold-blooded, drake, flying, survives in mountains, survives in wastes, resist poison (15), resist shock (15)","body (1), misc (2)","eye (2), head (1), body (1), leg (4), wing (2)",,"animal, drake, cold-blooded"
fivefold angel,f97,bloodstones (20),0,0,0,2,8,"eye (0), head (0), body (0), arm (0), leg (0)",15,18,9,7,6,10,3,12,e511 (1),"blood (2), holy (0)","damage reversal (0), resist cold (3), stealthy (50)","head (1), body (1), feet (1), misc (2)","eye (2), head (1), body (1), arm (2), leg (2)",,tagless
simargl,f98,gold (13),35,3,0,2,13,"eye (7), head (7), body (7), leg (7), wing (7)",12,13,11,12,11,5,2,12,e322 (1),,"animal, flying, patrol bonus (10)","body (1), misc (2)","eye (2), head (1), body (1), leg (4), wing (2)","f57, f58, f83, f161, f162, f163, f165, f166","animal, starting form"
androleth,f99,gold (37),0,0,2,2,14,"eye (2), head (2), body (2), arm (2), leg (2)",13,14,11,8,9,8,3,10,e85 (1),,"amphibian, magic being","hands (2), head (1), body (1), feet (1), misc (2)","eye (2), head (1), body (1), arm (2), leg (2)",,"amphibian, magic being"
androdai,f100,"gold (56), pearls (12), onyxes (2), topazes (2), piety (10), sapphires (2)",0,0,4,2,13,"eye (2), head (2), body (2), arm (2), leg (2)",15,15,10,7,9,7,3,10,e63 (1),"astral (1.25), death (0.25), earth (0.25), holy (1), water (0.25)","amphibian, magic being","hands (2), head (1), body (1), feet (1), misc (2)","eye (2), head (1), body (1), arm (2), leg (2)",,"amphibian, magic being"
horite,f101,"gold (83), rubies (1), sapphires (1)",0,0,3,3,25,"eye (2), head (2), body (2), arm (2), leg (2)",8,13,17,9,9,9,3,14,,,"survives in mountains, survives in wastes, darkvision (50), resist cold (5), resist fire (5)","hands (2), head (1), body (1), feet (1), misc (2)","eye (2), head (1), body (1), arm (2), leg (2)",f195,tagless
werebear,f102,"gold (157.5), emeralds (2), sapphires (1)",0,0,5,4,45,"eye (8), head (8), body (8), arm (8), leg (8), wing (8)",13,17,20,12,9,5,2,14,"e29 (1), e322 (1)",,"animal, berserk (1), firstshape (39), resist cold (5), recuperation","body (1), misc (2)","eye (2), head (1), body (1), leg (4)",,animal
winged monkey,f103,"gold (62.75), pearls (7)",0,0,2,1,7,"eye (0), head (0), body (0), arm (0), leg (0), wing (0)",13,7,6,11,15,8,2,14,e387 (1),astral (0.75),"animal, flying, magic being, survives in forests","hands (2), head (1), body (1), feet (1), misc (2)","eye (2), head (1), body (1), arm (2), leg (2), wing (2)",,animal
manikin,f104,"gold (162), topazes (2), emeralds (5)",0,0,500,2,12,"eye (0), head (0), body (0), arm (0), leg (0)",12,50,11,7,7,5,0,6,"e29 (1), e71 (1)",,"lifeless, magic being, mindless, poor amphibian, resist pierce, survives in forests, resist poison (25)","hands (2), head (1), body (1), feet (1), misc (2)","eye (2), head (1), body (1), arm (2), leg (2)",,"undead, magic being"
mandragora,f105,"gold (245.5), topazes (2), emeralds (5)",0,0,800,2,25,"eye (5), head (5), body (5), arm (5), leg (5)",14,50,15,9,9,5,0,6,"e29 (1), e71 (2)",,"lifeless, magic being, mindless, poor amphibian, resist pierce, survives in forests, resist poison (25)","hands (2), head (1), body (1), feet (1), misc (2)","eye (2), head (1), body (1), arm (2), leg (2)",,"undead, magic being"
ancient mandragora,f106,"gold (252), onyxes (30), emeralds (35)",0,0,900,3,47,"eye (8), head (8), body (8), arm (8), leg (8)",18,16,18,16,10,10,0,6,e71 (4),"death (3), nature (3)","lifeless, magic being, survives in forests, resist poison (25)",misc (2),"eye (2), head (1), body (1), arm (2), leg (2)",,"undead, magic being"
satyr manikin,f107,"gold (190.5), topazes (2), emeralds (5)",0,0,600,2,16,"eye (0), head (0), body (0), arm (0), leg (0)",14,50,12,7,9,5,0,8,"e29 (1), e71 (1)",,"lifeless, magic being, mindless, poor amphibian, resist pierce, survives in forests, resist poison (25)","hands (2), head (1), body (1), feet (1), misc (2)","eye (2), head (1), body (1), arm (2), leg (2)",,"undead, magic being"
harpy manikin,f108,"gold (17.5), topazes (2), emeralds (5)",0,0,300,1,8,"eye (0), head (0), body (0), arm (0), leg (0), wing (0)",13,50,9,5,5,5,0,3,e71 (2),,"female, lifeless, magic being, mindless, poor amphibian, resist pierce, survives in forests, resist poison (25)","head (1), misc (2)","eye (2), head (1), body (1), leg (2), wing (2)",,"undead, magic being"
ichtysatyr,f109,"gold (63), emeralds (2)",0,0,3,2,12,"eye (2), head (2), body (2), arm (2), leg (2)",13,9,11,10,12,10,3,14,,,"poor amphibian, recuperation, stealthy (40)","hands (2), head (1), body (1), feet (1), misc (2)","eye (2), head (1), body (1), arm (2), leg (2)",,amphibian
ichtytaur,f110,"gold (100), emeralds (2)",0,0,3,3,25,"eye (4), head (4), body (4), arm (4), leg (4)",11,13,16,8,8,8,3,15,,,"poor amphibian, recuperation, trample, berserk (2)","hands (2), head (1), body (1), feet (1), misc (2)","eye (2), head (1), body (1), arm (2), leg (2)",,amphibain
ichtycentaur,f111,"gold (96), emeralds (2)",0,0,3,3,20,"eye (4), head (4), body (4), arm (4), leg (4)",13,11,13,10,13,12,3,30,,,"amphibian, recuperation","hands (2), head (1), body (1), misc (2)","eye (2), head (1), body (1), arm (2), leg (4)",,amphibian
ichtyid,f112,gold (27.5),20,2,0,2,16,"eye (5), head (5), body (5), arm (5), leg (5)",8,12,11,9,8,8,3,8,,,amphibian,"hands (2), head (1), body (1), feet (1), misc (2)","eye (2), head (1), body (1), arm (2), leg (2)","f109, f168","amphibian, starting form"
edomite,f113,gold (56),0,0,2,3,21,"eye (1), head (1), body (1), arm (1), leg (1)",11,9,14,9,9,10,3,14,,,survives in wastes,"hands (2), head (1), body (1), feet (1), misc (2)","eye (2), head (1), body (1), arm (2), leg (2)","f114, f115",tagless
avvite,f114,gold (97.5),0,0,3,3,24,"eye (1), head (1), body (1), arm (1), leg (1)",12,12,15,11,11,10,3,14,,,survives in wastes,"hands (2), head (1), body (1), feet (1), misc (2)","eye (2), head (1), body (1), arm (2), leg (2)",,tagless
gittite,f115,gold (103.5),0,0,3,3,24,"eye (1), head (1), body (1), arm (1), leg (1)",12,12,15,11,11,10,3,14,,,"survives in wastes, resist fire (3)","hands (2), head (1), body (1), feet (1), misc (2)","eye (2), head (1), body (1), arm (2), leg (2)",,tagless
bashanite,f116,"gold (167), rubies (1)",0,0,5,4,40,"eye (2), head (2), body (2), arm (2), leg (2)",13,14,20,11,11,10,3,16,,,"survives in wastes, resist fire (5)","hands (2), head (1), body (1), feet (1), misc (2)","eye (2), head (1), body (1), arm (2), leg (2)",,tagless
amorite,f117,"gold (154.5), rubies (1)",0,0,4,4,35,"eye (2), head (2), body (2), arm (2), leg (2)",13,11,18,11,12,10,3,16,,,"survives in wastes, resist fire (5)","hands (2), head (1), body (1), feet (1), misc (2)","eye (2), head (1), body (1), arm (2), leg (2)",,tagless
gileadite,f118,"gold (148.5), rubies (1)",0,0,4,4,35,"eye (2), head (2), body (2), arm (2), leg (2)",13,13,18,11,11,10,3,16,,,"survives in wastes, resist fire (5)","hands (2), head (1), body (1), feet (1), misc (2)","eye (2), head (1), body (1), arm (2), leg (2)",,tagless
ahiman anakite,f119,"gold (269), rubies (1)",0,0,7,5,53,"eye (3), head (3), body (3), arm (3), leg (3)",15,15,22,13,12,10,2,16,e331 (1),,"survives in wastes, resist fire (6)","hands (2), head (1), body (1), feet (1), misc (2)","eye (2), head (1), body (1), arm (2), leg (2)",,tagless
sheshai anakite,f120,"gold (257), rubies (1)",0,0,7,5,50,"eye (3), head (3), body (3), arm (3), leg (3)",15,14,21,12,12,10,2,16,e331 (1),,"survives in wastes, berserk (2), resist fire (9)","hands (2), head (1), body (1), feet (1), misc (2)","eye (2), head (1), body (1), arm (2), leg (2)",,tagless
talmai anakite of arakiel,f121,"gold (224), topazes (30), rubies (1)",0,0,9,5,45,"eye (1), head (1), body (1), arm (1), leg (1)",18,13,20,11,11,10,2,16,e331 (1),"astral (0.025), death (0.025), earth (3.025), fire (0.025)","survives in wastes, forge bonus (1), resist fire (6)","hands (2), head (1), body (1), feet (1), misc (2)","eye (2), head (1), body (1), arm (2), leg (2)",,tagless
talmai anakite of kokabel,f122,"gold (224), pearls (30), rubies (1)",0,0,9,5,45,"eye (1), head (1), body (1), arm (1), leg (1)",18,13,20,11,11,10,2,16,e331 (1),"astral (3.025), death (0.025), earth (0.025), fire (0.025)","survives in wastes, forge bonus (1), resist fire (6)","hands (2), head (1), body (1), feet (1), misc (2)","eye (2), head (1), body (1), arm (2), leg (2)",,tagless
talmai anakite of shamshiel,f123,"gold (224), rubies (31)",0,0,9,5,45,"eye (1), head (1), body (1), arm (1), leg (1)",18,13,20,11,11,10,2,16,e331 (1),"astral (0.025), death (0.025), earth (0.025), fire (3.025)","survives in wastes, forge bonus (1), resist fire (6)","hands (2), head (1), body (1), feet (1), misc (2)","eye (2), head (1), body (1), arm (2), leg (2)",,tagless
rephaim,f124,"gold (275), rubies (1)",0,0,7,5,55,"eye (3), head (3), body (3), arm (3), leg (3)",15,14,22,13,12,10,2,16,e331 (1),,"survives in wastes, resist fire (7)","hands (2), head (1), body (1), feet (1), misc (2)","eye (2), head (1), body (1), arm (2), leg (2)",,tagless
son of arakiel,f125,"gold (437), bloodstones (30), topazes (40), rubies (3), piety (10)",0,0,19,6,81,"eye (6), head (6), body (6), arm (6), leg (6)",18,30,28,15,15,13,1,20,e522 (1),"blood (3), earth (4), holy (1)","survives in wastes, fear (5), resist fire (15)","hands (2), head (1), body (1), feet (1), misc (2)","eye (2), head (1), body (1), arm (2), leg (2)",,tagless
son of azazel,f126,"gold (439.5), pearls (20), bloodstones (40), rubies (23), piety (20)",0,0,21,6,81,"eye (6), head (6), body (6), arm (6), leg (6)",18,30,25,16,16,13,1,20,e522 (1),"astral (2), blood (4), fire (2), holy (2)","survives in wastes, fear (5), resist fire (15)","hands (2), head (1), body (1), feet (1), misc (2)","eye (2), head (1), body (1), arm (2), leg (2)",,tagless
son of ezekiel,f127,"gold (437), diamonds (43), bloodstones (30), rubies (3), piety (10)",0,0,19,6,81,"eye (6), head (6), body (6), arm (6), leg (6)",18,30,25,15,15,15,1,20,e522 (1),"air (4), blood (3), holy (1)","survives in wastes, fear (5), resist fire (15), resist shock (15)","hands (2), head (1), body (1), feet (1), misc (2)","eye (2), head (1), body (1), arm (2), leg (2)",,tagless
son of kokabel,f128,"gold (429.5), pearls (40), bloodstones (30), rubies (3), piety (10)",0,0,18,6,81,"eye (6), head (6), body (6), arm (6), leg (6)",18,30,25,15,15,13,1,20,e522 (1),"astral (4), blood (3), holy (1)","survives in wastes, fear (5), resist fire (15)","hands (2), head (1), body (1), feet (1), misc (2)","eye (2), head (1), body (1), arm (2), leg (2)",,tagless
son of semyaza,f129,"gold (437), bloodstones (30), rubies (3), piety (10), emeralds (43)",0,0,19,6,81,"eye (6), head (6), body (6), arm (6), leg (6)",18,30,25,15,15,13,1,20,e522 (1),"blood (3), holy (1), nature (4)","survives in wastes, fear (5), healer (3), resist fire (15), resist poison (15)","hands (2), head (1), body (1), feet (1), misc (2)","eye (2), head (1), body (1), arm (2), leg (2)",,tagless
son of shamshiel,f130,"gold (455), bloodstones (30), rubies (43), piety (10)",0,0,19,6,81,"eye (6), head (6), body (6), arm (6), leg (6)",18,30,25,15,15,13,1,20,"e320 (1), e522 (1)","blood (3), fire (4), holy (1)","survives in wastes, fear (5), resist fire (15)","hands (2), head (1), body (1), feet (1), misc (2)","eye (2), head (1), body (1), arm (2), leg (2)",,tagless
demonbred,f131,"gold (119.49995), rubies (7)",0,0,4,3,17,"eye (5), head (5), body (5), arm (5), leg (5), wing (5)",15,14,14,11,9,7,2,8,e29 (2),,"flying, survives in wastes, darkvision (50), heat aura (3), resist fire (25)","hands (2), head (1), body (1), feet (1), misc (2)","eye (2), head (1), body (1), arm (2), leg (2), wing (2)",,tagless
fir bolg,f132,gold (70.5),0,0,3,2,13,"eye (0), head (0), body (0), arm (0), leg (0)",13,11,11,12,13,10,3,13,,,,"hands (2), head (1), body (1), feet (1), misc (2)","eye (2), head (1), body (1), arm (2), leg (2)",f133,tagless
sidhe,f133,"gold (74.5), diamonds (2)",0,0,3,2,13,"eye (0), head (0), body (0), arm (0), leg (0)",14,12,12,12,13,12,3,13,,,"glamour, survives in forests, darkvision (50), stealthy (65)","hands (2), head (1), body (1), feet (1), misc (2)","eye (2), head (1), body (1), arm (2), leg (2)","f134, f135, f136",tagless
bean sidhe,f134,"gold (95), diamonds (14), topazes (2), emeralds (12), sapphires (12)",0,0,7,2,13,"eye (0), head (0), body (0), arm (0), leg (0)",15,10,12,12,14,12,3,13,,"air (1.25), earth (0.25), nature (1.25), water (1.25)","female, glamour, survives in forests, darkvision (50), stealthy (65)","hands (2), head (1), body (1), feet (1), misc (2)","eye (2), head (1), body (1), arm (2), leg (2)",,tagless
baobhan sidhe,f135,"gold (112), diamonds (22)",0,0,5,2,13,"eye (0), head (0), body (0), arm (0), leg (0)",15,12,12,12,14,12,3,13,e63 (1),air (2),"female, glamour, survives in forests, assassin (1), darkvision (50), stealthy (85)","hands (2), head (1), body (1), feet (1), misc (2)","eye (2), head (1), body (1), arm (2), leg (2)",,tagless
tuatha,f136,"gold (95.5), diamonds (2)",0,0,3,2,14,"eye (0), head (0), body (0), arm (0), leg (0)",14,14,13,13,14,12,3,13,,,"glamour, survives in forests, darkvision (50), stealthy (65)","hands (2), head (1), body (1), feet (1), misc (2)","eye (2), head (1), body (1), arm (2), leg (2)",f137,tagless
nemedian,f137,"gold (95.5), diamonds (2)",0,0,3,2,14,"eye (0), head (0), body (0), arm (0), leg (0)",14,14,13,14,13,12,3,13,,,"glamour, darkvision (50), stealthy (65)","hands (2), head (1), body (1), feet (1), misc (2)","eye (2), head (1), body (1), arm (2), leg (2)",,tagless
morrigan,f138,"gold (253), diamonds (2), onyxes (5), sapphires (3)",0,0,1000,2,17,"eye (7), head (7), body (7), arm (7), leg (7)",16,30,13,15,15,15,0,14,,,"female, flying, glamour, fear (5), resist cold (15), resist poison (25), stealthy (65)","hands (2), head (1), body (1), feet (1), misc (2)","eye (2), head (1), body (1), arm (2), leg (2)",,undead
van,f139,"gold (71), diamonds (2)",0,0,3,2,13,"eye (0), head (0), body (0), arm (0), leg (0)",14,11,11,12,13,12,3,13,,,"glamour, darkvision (50), stealthy (65)","hands (2), head (1), body (1), feet (1), misc (2)","eye (2), head (1), body (1), arm (2), leg (2)",,tagless
valkyrie,f140,"gold (83.5), diamonds (2)",0,0,3,2,12,"eye (0), head (0), body (0), arm (0), leg (0)",14,12,11,13,14,13,3,13,,,"female, flying, glamour, survives in forests, darkvision (50), stealthy (65)","hands (2), head (1), body (1), feet (1), misc (2)","eye (2), head (1), body (1), arm (2), leg (2)",,tagless
morgen,f141,"gold (93), diamonds (2)",0,0,3,2,14,"eye (0), head (0), body (0), arm (0), leg (0)",14,14,12,13,14,12,3,13,,,"amphibian, female, glamour, darkvision (50), stealthy (65)","hands (2), head (1), body (1), feet (1), misc (2)","eye (2), head (1), body (1), arm (2), leg (2)",,amphibian
boar,f142,,0,0,0,3,13,"eye (4), head (4), body (4), leg (4)",5,8,10,8,7,5,2,14,e331 (1),,"animal, survives in forests","body (1), misc (2)","eye (2), head (1), body (1), leg (4)",,animal
harpy,f143,emeralds (2),0,0,0,1,7,"eye (0), head (0), body (0), arm (0), wing (0)",11,8,8,8,10,8,3,4,e29 (2),,"female, flying, recuperation, survives in forests, stealthy (40)","head (1), body (1), misc (2)","eye (2), head (1), body (1), wing (2)",,tagless
imp,f144,"gold (112.5), rubies (3)",0,0,4,1,8,"eye (6), head (6), body (6), arm (6), leg (6), wing (6)",13,9,9,11,15,10,1,7,e29 (2),,"flying, resist cold (-5), resist fire (15)","hands (2), head (1), body (1), feet (1), misc (2)","eye (2), head (1), body (1), arm (2), leg (2), wing (2)",,demon
devil,f145,"gold (271.49996), rubies (7)",0,0,7,3,35,"eye (8), head (8), body (8), arm (8), leg (8), wing (8)",17,30,14,14,12,12,2,12,"e29 (2), e68 (1)",,"flying, survives in wastes, heat aura (3), resist cold (-5), resist fire (25)","hands (2), head (1), body (1), feet (1), misc (2)","eye (2), head (1), body (1), arm (2), leg (2), wing (2)",,demon
crystal amazon,f146,gold (32.5),0,0,2,2,10,"eye (0), head (0), body (0), arm (0), leg (0)",10,10,9,11,11,12,3,13,,,female,"hands (2), head (1), body (1), feet (1), misc (2)","eye (2), head (1), body (1), arm (2), leg (2)",,tagless
garnet amazon,f147,"gold (57), rubies (3)",0,0,3,2,10,"eye (0), head (0), body (0), arm (0), leg (0)",10,11,9,12,12,12,3,13,,,"female, survives in wastes, resist fire (15)","hands (2), head (1), body (1), feet (1), misc (2)","eye (2), head (1), body (1), arm (2), leg (2)",,tagless
jade amazon,f148,gold (33.5),0,0,2,2,10,"eye (0), head (0), body (0), arm (0), leg (0)",10,11,9,11,11,12,3,13,,,"female, survives in forests","hands (2), head (1), body (1), feet (1), misc (2)","eye (2), head (1), body (1), arm (2), leg (2)",,tagless
onyx amazon,f149,gold (33.5),0,0,2,2,10,"eye (0), head (0), body (0), arm (0), leg (0)",10,11,9,11,11,12,3,13,,,"female, survives in mountains","hands (2), head (1), body (1), feet (1), misc (2)","eye (2), head (1), body (1), arm (2), leg (2)",,tagless
merrow,f150,gold (26.5),20,2,0,2,14,"eye (2), head (2), body (2), arm (2), leg (2)",11,10,12,9,9,8,3,11,,,"amphibian, darkvision (50)","hands (2), head (1), body (1), feet (1), misc (2)","eye (2), head (1), body (1), arm (2), leg (2)","f109, f115","amphibian, starting form"
saos,f151,gold (45),0,0,2,2,12,"eye (0), head (0), body (0), arm (0), leg (0)",11,12,11,11,11,10,3,14,,,poor amphibian,"hands (2), head (1), body (1), feet (1), misc (2)","eye (2), head (1), body (1), arm (2), leg (2)","f152, f153",amphibian
kourete,f152,gold (102),0,0,4,2,15,"eye (0), head (0), body (0), arm (0), leg (0)",13,13,12,13,13,12,2,14,,,"magic being, poor amphibian","hands (2), head (1), body (1), feet (1), misc (2)","eye (2), head (1), body (1), arm (2), leg (2)",f154,"amphibian, magic being"
strategis,f153,"gold (119), pearls (2), piety (10), emeralds (2)",0,0,5,2,15,"eye (0), head (0), body (0), arm (0), leg (0)",15,13,12,12,12,10,2,12,,holy (1),"female, magic being, poor amphibian, recuperation, awe (1)","hands (2), head (1), body (1), feet (1), misc (2)","eye (2), head (1), body (1), arm (2), leg (2)",f154,"amphibian, magic being"
melia,f154,"gold (150.925), diamonds (3), pearls (4), topazes (3), piety (10), emeralds (12), sapphires (3)",0,0,8,2,15,"eye (0), head (0), body (0), arm (0), leg (0)",16,13,12,13,13,11,2,12,,"air (0.333), earth (0.333), holy (1), nature (1), water (0.333)","female, magic being, poor amphibian, recuperation, awe (3)","hands (2), head (1), body (1), feet (1), misc (2)","eye (2), head (1), body (1), arm (2), leg (2)",,"amphibian, magic being"
fallen angel,f155,"gold (266), bloodstones (30), onyxes (30), rubies (33)",0,0,7,4,49,"eye (0), head (0), body (0), arm (0), leg (0), wing (0)",18,18,14,14,14,15,1,16,,"blood (3), death (3), fire (3)","flying, fear (5), invulnerability (25), resist fire (15)","hands (2), head (1), body (1), feet (1), misc (2)","eye (2), head (1), body (1), arm (2), leg (2), wing (2)",,"demon, magic being"
sprite,f156,"gold (74.5), diamonds (2)",0,0,3,1,2,"eye (0), head (0), body (0), arm (0), leg (0), wing (0)",14,7,3,14,20,14,1,10,e228 (1),,"flying, glamour, magic being, survives in forests, survives in wastes, stealthy (65)","hands (2), head (1), body (1), feet (1), misc (2)","eye (2), head (1), body (1), arm (2), leg (2), wing (2)",,magic being
spine devil,f157,gold (184),0,0,5,2,25,"eye (13), head (13), body (13), arm (13), leg (13)",16,30,15,12,12,5,2,15,e207 (2),,barbs,"hands (2), head (1), body (1), feet (1), misc (2)","eye (2), head (1), body (1), arm (2), leg (2)",,demon
ancient one,f158,gold (122),0,0,3,4,40,"eye (3), head (3), body (3), arm (3), leg (3)",12,13,18,9,9,7,4,14,,,"cold-blooded, darkvision (100), siegebonus (2)","hands (2), head (1), body (1), feet (1), misc (2)","eye (1), head (1), body (1), arm (2), leg (2)","f176, f177",cold-blooded
olm spawn,f159,"gold (96), emeralds (3), sapphires (1)",0,0,4,3,28,"eye (5), head (5), body (5), arm (5)",14,13,14,10,10,9,3,7,,,"cold-blooded, darkvision (100), resist cold (5), resist poison (15), siegebonus (2)","hands (2), head (1), body (1), misc (2)","eye (1), head (1), body (1), arm (2)",,cold-blooded
gnome,f160,"diamonds (2), topazes (20), emeralds (20)",0,0,0,1,6,"eye (0), head (0), body (0), arm (0), leg (0)",16,9,9,7,7,9,3,6,e543 (1),"earth (2), nature (2)","glamour, survives in forests, stealthy (65)","hands (2), head (1), body (1), feet (1), misc (2)","eye (2), head (1), body (1), arm (2), leg (2), wing (2)",,tagless
tiger,f161,gold (39.5),0,0,2,3,21,"eye (4), head (4), body (4), leg (4)",5,13,15,13,11,5,3,20,"e29 (1), e322 (1)",,"animal, survives in forests","body (1), misc (2)","eye (2), head (1), body (1), leg (4)",,animal
great boar,f162,gold (49.5),0,0,2,3,20,"eye (6), head (6), body (6), leg (6)",5,13,15,12,9,5,2,16,e331 (1),,"animal, survives in forests, trample","body (1), misc (2)","eye (2), head (1), body (1), leg (4)",,animal
jaguar,f163,gold (24.5),0,0,2,2,19,"eye (4), head (4), body (4), leg (4)",5,13,15,13,11,5,3,20,"e29 (1), e322 (1)",,"animal, survives in forests, stealthy (40)","body (1), misc (2)","eye (2), head (1), body (1), leg (4)",,animal
black harpy,f164,emeralds (2),0,0,1,2,8,"eye (2), head (2), body (2), wing (2)",11,10,8,9,9,8,3,4,e29 (2),,"female, flying, recuperation, survives in forests, stealthy (60)","head (1), body (1), misc (2)","eye (2), head (1), body (1), wing (2)",,tagless
great hawk,f165,gold (9),0,0,2,3,15,"eye (2), head (2), body (2), wing (2)",5,13,11,11,13,8,3,6,"e29 (2), e404 (1)",,"animal, flying, survives in forests, survives in mountains","body (1), misc (2)","eye (2), head (1), body (1), wing (2)",,animal
winter wolf,f166,"gold (150.5), pearls (2), emeralds (3), sapphires (7)",0,0,6,2,13,"eye (0), head (0), body (0), leg (0)",15,50,11,12,12,5,0,26,e322 (1),,"animal, ethereal, magic being, survives in mountains, cold aura (6), resist cold (25), resist poison (15), winterpower (25)","body (1), misc (2)","eye (2), head (1), body (1), leg (4)",,"animal, magic being"
mazzik,f167,gold (102.5),0,0,4,1,9,"eye (6), head (6), body (6), arm (6), leg (6), wing (6)",13,9,9,11,15,10,1,7,e29 (2),,"flying, survives in wastes, stealthy (40)","hands (2), head (1), body (1), feet (1), misc (2)","eye (2), head (1), body (1), arm (2), leg (2), wing (2)",,demon
kappa,f168,"gold (84), emeralds (2)",0,0,2,2,15,"eye (5), head (0), body (15), arm (5), leg (5)",8,12,13,10,9,8,5,8,"e29 (1), e420 (1)",,"amphibian, recuperation","hands (2), head (1), body (1), feet (1), misc (2)","eye (2), head (1), body (1), arm (2), leg (2)","f204, f205, f206",amphibian
lesser hybrid,f169,gold (52.5),0,0,2,2,13,"eye (1), head (1), body (1), arm (1), leg (1)",10,11,12,10,10,10,3,10,e85 (1),,amphibian,"hands (2), head (1), body (1), feet (1), misc (2)","eye (2), head (1), body (1), arm (2), leg (2)",,amphibian
hybrid,f170,gold (34),0,0,2,2,15,"eye (2), head (2), body (2), arm (2), leg (2)",12,10,11,10,9,11,3,10,,,amphibian,"hands (2), head (1), body (1), feet (1), misc (2)","eye (2), head (1), body (1), arm (2), leg (2)",,amphibian
sentinel,f171,"gold (276.5), topazes (9)",0,0,800,3,25,"eye (22), head (22), body (22), arm (22), leg (22)",13,50,16,12,10,5,0,8,,,"does-not-heal, lifeless, magic being, need-not-eat, poor amphibian, resist pierce, resist slash, sacred, stone-being, darkvision (100), patrol bonus (10), resist poison (25)","hands (2), head (1), body (1), feet (1), misc (2)","eye (1), head (1), body (1), arm (2), leg (2)",f172,lifeless
granite guardian,f172,"gold (427), topazes (9)",0,0,1200,4,75,"eye (22), head (22), body (22), arm (22), leg (22)",14,50,22,12,10,5,0,8,,,"does-not-heal, lifeless, magic being, need-not-eat, poor amphibian, resist pierce, resist slash, sacred, stone-being, darkvision (100), patrol bonus (10), resist poison (25)","hands (2), head (1), body (1), feet (1), misc (2)","eye (1), head (1), body (1), arm (2), leg (2)",f173,lifeless
marble oracle,f173,"gold (453), topazes (9), piety (20)",0,0,1200,4,85,"eye (22), head (22), body (22), arm (22), leg (22)",16,50,22,12,10,5,0,8,,holy (2),"does-not-heal, lifeless, magic being, need-not-eat, poor amphibian, resist pierce, resist slash, sacred, stone-being, darkvision (100), fortune teller 10, patrol bonus (10), resist poison (25)","hands (2), head (1), body (1), feet (1), misc (2)","eye (1), head (1), body (1), arm (2), leg (2)",,lifeless
great olm,f174,"gold (55.83328), emeralds (3), sapphires (1)",0,0,2,3,28,"eye (5), head (5), body (5), arm (5)",14,12,11,8,8,12,4,7,e63 (1),,"blindfighter, need-not-eat, sacred, resist cold (5), resist poison (15)","hands (2), misc (2)","eye (2), head (1), arm (2)",f178,tagless
ageless olm,f175,"gold (368.33328), topazes (30), emeralds (3), sapphires (31)",0,0,9,6,130,"eye (5), head (5), body (5), arm (5)",18,30,14,8,8,13,4,7,e63 (1),"earth (3), water (3)","blindfighter, fortune teller (15), need-not-eat, sacred, resist cold (5), resist poison (15)","hands (2), misc (2)","eye (2), head (1), arm (2)",,tagless
decrepit,f176,"gold (37), onyxes (40), topazes (30)",0,0,1,4,36,"eye (3), head (3), body (3), arm (3), leg (3)",18,11,14,5,5,5,8,12,,"death (4), earth (3)","amphibian, cold-blooded, darkvision (100), fortune teller (10), need-not-eat, sacred, siegebonus (5), unique","hands (2), head (1), body (1), feet (1), misc (2)","eye (1), head (1), body (1), arm (2), leg (2)",,cold-blooded
earth made flesh,f177,"gold (645), topazes (30), sapphires (10)",0,0,14,6,220,"eye (5), head (5), body (5), arm (5), leg (5)",18,30,26,8,8,7,2,16,,"earth (3), water (1)","amphibian, cold-blooded, darkvision (100), female, need-not-eat, sacred, siegebonus (25), reinvigoration (4)","hands (2), head (1), body (1), feet (1), misc (2)","eye (2), head (1), body (1), arm (2), leg (2)",,cold-blooded
ancient olm,f178,"gold (95.33328), topazes (10), emeralds (3), sapphires (11)",0,0,3,4,38,"eye (5), head (5), body (5), arm (5)",18,12,12,8,8,12,4,7,e63 (1),"earth (1), water (1)","blindfighter, fortune teller (10), need-not-eat, sacred, resist cold (5), resist poison (15)","hands (2), misc (2)","eye (2), head (1), arm (2)",f175,tagless
forest giant,f179,gold (257.5),0,0,6,5,66,"eye (6), head (6), body (6), arm (6), leg (6)",9,15,24,11,9,8,2,16,,,survives in forests,"hands (2), head (1), body (1), feet (1), misc (2)","eye (2), head (1), body (1), arm (2), leg (2)",f180,tagless
hill giant,f180,gold (389.5),0,0,9,6,106,"eye (8), head (8), body (8), arm (8), leg (8)",9,16,28,13,8,8,2,18,,,survives in mountains,"hands (2), head (1), body (1), feet (1), misc (2)","eye (2), head (1), body (1), arm (2), leg (2)",,tagless
cavern wight,f181,"gold (254.5), onyxes (5), sapphires (7)",0,0,800,3,31,"eye (5), head (5), body (5), arm (5), leg (5)",15,17,17,11,11,7,0,10,,,"amphibian, cold aura (3), need-not-eat, resist cold (25), resist poison (25), undead","hands (2), head (1), body (1), feet (1), misc (2)","eye (1), head (1), body (1), arm (2), leg (2)",f182,undead
risen oracle,f182,"gold (437), onyxes (15), topazes (10), sapphires (7)",0,0,1200,4,95,"eye (1), head (1), body (1), arm (1), leg (1)",18,30,25,10,10,7,0,10,,"earth (1), death (1)","amphibian, cold aura (3), fear (5), fortune teller (15), immortal, need-not-eat, resist cold (25), resist poison (25), undead","hands (2), head (1), body (1), feet (1), misc (2)","eye (1), head (1), body (1), arm (2), leg (2)",,undead
penumbral,f183,"gold (258.5), onyxes (7), sapphires (3)",0,0,800,3,30,"eye (0), head (0), body (0), arm (0), leg (0)",14,18,15,10,10,8,0,12,e63 (1),,"amphibian, ethereal, need-not-eat, stealthy (40), resist cold (15), resist poison (25), undead","hands (2), head (1), body (1), feet (1), misc (2)","eye (1), head (1), body (1), arm (2), leg (2)",f184,undead
umbral,f184,"gold (412), onyxes (7), sapphires (3)",0,0,1200,4,68,"eye (0), head (0), body (0), arm (0), leg (0)",16,18,22,12,12,8,0,14,e63 (1),,"amphibian, ethereal, need-not-eat, stealthy (40), resist cold (15), resist poison (25), undead","hands (2), head (1), body (1), feet (1), misc (2)","eye (1), head (1), body (1), arm (2), leg (2)",,undead
runner,f185,"gold (28), emeralds (1)",0,0,2,2,12,"eye (3), head (3), body (3), arm (3), leg (3)",11,8,11,11,8,10,4,16,e20 (1),,"cold-blooded, survives in swamps, resist poison (5)","hands (2), head (1), body (1), feet (1), misc (2)","eye (2), head (1), body (1), arm (2), leg (2)",f186,cold-blooded
jade lizard,f186,gold (40),0,0,2,3,23,"eye (8), head (8), body (8), leg (8)",5,13,13,13,12,4,4,16,e20 (1),,"animal, cold-blooded, survives in forests, undisciplined","body (1), misc (2)","eye (2), head (1), body (1), leg (2)",,"animal, cold-blooded"
bacab,f187,"gold (147), onyxes (12), topazes (22), emeralds (2), sapphires (32)",0,0,3,4,27,"eye (10), head (10), body (10), arm (10), leg (10)",16,13,16,12,8,8,3,12,,"water (3.275), earth (2.275), death (1.275), nature (0.275)","amphibian, darkvision (100), grants water breathing (20), resource bonus (5), sacred, survives in swamps","hands (2), head (1), body (1), feet (1), misc (2)","eye (2), head (1), body (1), arm (2), leg (2)",,amphibian
coral queen,f188,"gold (140), piety (30)",0,0,4,4,31,"eye (10), head (10), body (10), arm (10), leg (10)",15,14,18,12,8,8,3,12,,holy (3),"amphibian, darkvision (50), female, sacred","hands (2), head (1), body (1), feet (1), misc (2)","eye (2), head (1), body (1), arm (2), leg (2)",f190,amphibian
king of the deep,f189,"gold (132), pearls (5), topazes (5), rubies (5), sapphires (35)",0,0,3,4,27,"eye (10), head (10), body (10), arm (10), leg (10)",16,13,16,12,8,8,3,12,,"astral (0.525), earth (0.525), fire (0.525), water (3.525)","amphibian, darkvision (50), grants water breathing (20)","hands (2), head (1), body (1), feet (1), misc (2)","eye (2), head (1), body (1), arm (2), leg (2)",f191,amphibian
basalt queen,f190,"gold (216), rubies (1), piety (30), sapphires (1)",0,0,5,5,48,"eye (14), head (14), body (14), arm (14), leg (14)",15,16,20,12,7,8,3,12,e20 (1),holy (3),"amphibian, darkvision (100), fear (5), female, sacred, resist cold (5), resist fire (5)","hands (2), head (1), body (1), feet (1), misc (2)","eye (2), head (1), body (1), arm (2), leg (2)",,amphibian
basalt king,f191,"gold (227.34999), topazes (33), rubies (14), sapphires (24)",0,0,5,5,51,"eye (13), head (13), body (13), arm (13), leg (13)",17,14,21,12,7,8,3,12,,"earth (3.366), fire (1.366), water (2.366)","amphibian, darkvision (100), fear (5), resist cold (5), resist fire (5), resource bonus (10), sacred","hands (2), head (1), body (1), feet (1), misc (2)","eye (2), head (1), body (1), arm (2), leg (2)",,amphibian
sleeping pillar,f192,"gold (143.5), rubies (1), sapphires (1)",0,0,4,3,31,"eye (9), head (9), body (9), arm (9), leg (9)",13,15,18,12,8,8,3,12,e20 (1),,"amphibian, castle defence (2), darkvision (100), resist cold (5), resist fire (5), sacred, void sanity (15)","hands (2), head (1), body (1), feet (1), misc (2)","eye (2), head (1), body (1), arm (2), leg (2)",,amphibian
slave enkidu,f193,gold (34),15,2,0,3,22,"eye (2), head (2), body (2), arm (2), leg (2)",10,6,14,8,7,8,3,14,,,,"hands (2), head (1), body (1), feet (1), misc (2)","eye (2), head (1), body (1), arm (2), leg (2)","f101, f113, f194","starting form, tagless"
enkidu,f194,gold (77),0,0,2,3,24,"eye (2), head (2), body (2), arm (2), leg (2)",11,11,15,10,9,8,3,14,,,,"hands (2), head (1), body (1), feet (1), misc (2)","eye (2), head (1), body (1), arm (2), leg (2)",f195,tagless
ogre,f195,"gold (118.5), sapphires (1)",0,0,3,3,26,"eye (7), head (7), body (7), arm (7), leg (7)",8,14,18,10,9,8,2,14,,,"survives in mountains, resist cold (5)","hands (2), head (1), body (1), feet (1), misc (2)","eye (2), head (1), body (1), arm (2), leg (2)",f211,tagless
earth serpent,f196,"gold (695.49996), topazes (20), emeralds (5)",0,0,16,6,210,"eye (20), head (20), body (20)",18,30,28,15,10,10,2,8,e65 (1),earth (2),"amphibian, cold-blooded, darkvision (50), fear (5), survives in mountains, survives in swamps, recuperation, resist poison (15)","body (1), misc (2)","eye (2), head (1), body (1)",,cold-blooded
hannya,f197,"gold (111.5), onyxes (20), rubies (27), emeralds (13)",0,0,5,3,18,"eye (5), head (5), body (5), arm (5)",17,13,12,11,13,12,4,8,,"fire (2), death (2), nature (1)","cold-blooded, demon, female, heat aura (3), survives in swamps, survives in mountains, resist fire (25), resist poison (15)","hands (2), head (1), body (1), misc (2)","eye (2), head (1), body (1), arm (2)",,"cold-blooded, demon"
draconian,f198,"gold (193), emeralds (3)",0,0,5,4,45,"eye (9), head (9), body (9), wing (9), leg (9)",14,12,18,11,13,10,3,10,e30 (1),,"cold-blooded, flying, survives in mountains, resist poison (15)","head (1), body (1), feet (1), misc (2)","eye (2), head (1), body (1), leg (2), wing (2)",,cold-blooded
displacer beast,f199,gold (68.5),0,0,500,3,23,"eye (4), head (4), body (4), leg (4)",13,13,15,13,12,5,3,20,"e29 (1), e322 (1), e85 (2)",,"animal, magic being, displacement","body (1), misc (2)","eye (2), head (1), body (1), leg (4)",,"animal, magic being"
sacred serpent,f200,"gold (39.99997), emeralds (1)",0,0,999,3,22,"eye (7), head (7), body (7)",14,14,12,14,8,10,3,6,e239 (1),,"animal, cold-blooded, sacred, standard (1), survives in swamps, resist poison (5)","body (1), misc (2)","eye (2), head (1), body (1)",,"animal, cold-blooded"
cockatrice,f201,"gold (105.5), emeralds (3)",0,0,999,4,22,"eye (4), head (4), body (4), wings (4), leg (4)",14,9,13,10,12,8,3,6,"e146 (1), e592 (1)",,"animal, flying, magic being, survives in forests, resist poison (15)","body (1), misc (2)","eye (2), head (1), body (1), wing (2), leg (2)",,"animal, magic being"
jaguar toad,f202,emeralds (7),0,0,999,3,21,"eye (3), head (3), body (3), leg (3)",5,12,11,7,6,5,3,6,e29 (1),,"animal, cold-blooded, survives in swamps, trample, poison skin (20), resist poison (25), undisciplined","body (1), misc (2)","eye (2), head (1), body (1), leg (4)",,"animal, cold-blooded"
crocodile,f203,gold (2.5),0,0,999,3,23,"eye (12), head (12), body (12), leg (12)",5,14,14,10,7,5,3,7,e20 (1),,"animal, cold-blooded, survives in swamps, undisciplined","body (1), misc (2)","eye (2), head (1), body (1), leg (4)",,"animal, cold-blooded"
kaijin,f204,"gold (144), pearls (2), topazes (10), rubies (1), emeralds (20), sapphires (30)",0,0,800,2,19,"eye (0), head (0), body (0), arm (0), leg (0)",18,15,12,13,13,13,2,12,,"water (3), earth (1), nature (2)","amphibian, ethereal, need-not-eat, sacred, resist fire (5), magic being","hands (2), head (1), body (1), feet (1), misc (2)","eye (1), head (1), body (1), arm (2), leg (2)",,"amphibian, magic being"
shark warrior,f205,gold (146.5),0,0,999,4,28,"eye (7), head (7), body (7), arm (7), leg (7)",9,14,17,12,10,8,3,12,e20 (1),,"amphibian, darkvision (50)","hands (2), head (1), body (1), feet (1), misc (2)","eye (2), head (1), body (1), arm (2), leg (2)",,amphibian
crab general,f206,gold (120.5),0,0,999,3,25,"eye (15), head (15), body (15), arm (15), leg (15)",9,14,15,10,8,7,3,10,e273 (1),,"amphibian, darkvision (100), void sanity (10)","hands (2), head (1), body (1), feet (1), misc (2)","eye (2), head (1), body (1), arm (2), leg (2)",,amphibian
guhyaka,f207,"gold (137), pearls (2)",0,0,999,3,23,"eye (1), head (1), body (1), arm (1), leg (1)",13,13,15,11,11,11,2,14,e397 (1),,"awe (1), sacred, magic being","hands (2), head (1), body (1), feet (1), misc (2)","eye (2), head (1), body (1), arm (2), leg (2)","f208, f209",magic being
gandharva,f208,"gold (205.5), pearls (3)",0,0,999,3,25,"eye (1), head (1), body (1), arm (1), leg (1)",16,15,15,13,13,11,1,14,e397 (1),,"awe (2), sacred, standard (1), magic being","hands (2), head (1), body (1), feet (1), misc (2)","eye (2), head (1), body (1), arm (2), leg (2)",,magic being
apsara,f209,"gold (193), pearls (5)",0,0,999,3,20,"eye (1), head (1), body (1), arm (1), leg (1)",14,13,13,11,15,11,1,14,e397 (1),,"awe (4), sacred, standard (1), magic being","hands (2), head (1), body (1), feet (1), misc (2)","eye (2), head (1), body (1), arm (2), leg (2)",,magic being
yeti,f210,"gold (241), sapphires (7)",0,0,999,4,46,"eye (8), head (8), body (8), arm (8), leg (8)",13,15,22,13,9,8,2,14,,,"cold aura (3), survives in mountains, resist cold (25)","hands (2), head (1), body (1), feet (1), misc (2)","eye (2), head (1), body (1), arm (2), leg (2)",f212,tagless
jotun,f211,"gold (136.5), sapphires (3)",0,0,999,4,30,"eye (5), head (5), body (5), arm (5), leg (5)",12,12,20,10,10,10,3,15,,,resist cold (15),"hands (2), head (1), body (1), feet (1), misc (2)","eye (2), head (1), body (1), arm (2), leg (2)",f210,tagless
niefel giant,f212,"gold (326.5), sapphires (7)",0,0,999,5,66,"eye (7), head (7), body (7), arm (7), leg (7)",15,14,25,12,12,10,2,16,,,"cold aura (10), cold power (1), ice protection (2), resist cold (25), resist fire (-5), sacred","hands (2), head (1), body (1), feet (1), misc (2)","eye (2), head (1), body (1), arm (2), leg (2)",,tagless
sea troll,f213,"gold (249.1), emeralds (5)",0,0,999,4,52,"eye (8), head (8), body (8), arm (8), leg (8)",14,12,22,9,8,8,2,14,,,"amphibian, darkvision (50), regeneration (5.2), resist poison (15)","hands (2), head (1), body (1), feet (1), misc (2)","eye (2), head (1), body (1), arm (2), leg (2)",,amphibian
cyclops,f214,"gold (407), topazes (30), rubies (3)",0,0,999,5,91,"eye (20), head (20), body (20), arm (20), leg (20)",18,30,28,11,12,7,2,14,,earth (3),"fear (5), resist fire (15), stone-being, survives in mountains","hands (2), head (1), body (1), feet (1), misc (2)","eye (1), head (1), body (1), arm (2), leg (2)",,tagless
